{"cameraMode":{"drawMode":0,"name":"Shaded","section":"Shading Mode"},"sceneLighting":false,"audioPlay":false,"sceneViewState":{"m_AlwaysRefresh":false,"showFog":true,"showSkybox":false,"showFlares":true,"showImageEffects":true,"showParticleSystems":true,"showVisualEffectGraphs":true,"m_FxEnabled":true},"in2DMode":false,"pivot":{"x":-3.7439167499542238e-7,"y":-0.0000012302771210670472,"z":0.0016521047800779343},"rotation":{"x":0.05217980593442917,"y":0.9339912533760071,"z":-0.31867334246635439,"w":0.15293246507644654},"size":0.020973417907953264,"orthographic":false}