{"cameraMode":{"drawMode":0,"name":"Shaded","section":"Shading Mode"},"sceneLighting":false,"audioPlay":false,"sceneViewState":{"m_AlwaysRefresh":false,"showFog":true,"showSkybox":false,"showFlares":true,"showImageEffects":true,"showParticleSystems":true,"showVisualEffectGraphs":true,"m_FxEnabled":true},"in2DMode":false,"pivot":{"x":0.01314842700958252,"y":0.22885608673095704,"z":-0.004905223846435547},"rotation":{"x":0.01687721721827984,"y":0.9109750390052795,"z":-0.41043972969055178,"w":0.03748024255037308},"size":1.7337230443954468,"orthographic":false}