{"cameraMode":{"drawMode":0,"name":"Shaded","section":"Shading Mode"},"sceneLighting":false,"audioPlay":false,"sceneViewState":{"m_AlwaysRefresh":false,"showFog":true,"showSkybox":false,"showFlares":true,"showImageEffects":true,"showParticleSystems":true,"showVisualEffectGraphs":true,"m_FxEnabled":true},"in2DMode":false,"pivot":{"x":0.06955957412719727,"y":0.12814730405807496,"z":0.006940722465515137},"rotation":{"x":0.01687721721827984,"y":0.9109750390052795,"z":-0.41043972969055178,"w":0.03748024255037308},"size":0.8169151544570923,"orthographic":false}