{"cameraMode":{"drawMode":0,"name":"Shaded","section":"Shading Mode"},"sceneLighting":false,"audioPlay":false,"sceneViewState":{"m_AlwaysRefresh":false,"showFog":true,"showSkybox":false,"showFlares":true,"showImageEffects":true,"showParticleSystems":true,"showVisualEffectGraphs":true,"m_FxEnabled":true},"in2DMode":false,"pivot":{"x":0.0003044605255126953,"y":-0.015345938503742218,"z":0.0003527402877807617},"rotation":{"x":0.01687721721827984,"y":0.9109750390052795,"z":-0.41043972969055178,"w":0.03748024255037308},"size":1.4222179651260377,"orthographic":false}