{"cameraMode":{"drawMode":0,"name":"Shaded","section":"Shading Mode"},"sceneLighting":false,"audioPlay":false,"sceneViewState":{"m_AlwaysRefresh":false,"showFog":true,"showSkybox":false,"showFlares":true,"showImageEffects":true,"showParticleSystems":true,"showVisualEffectGraphs":true,"m_FxEnabled":true},"in2DMode":false,"pivot":{"x":0.9036843776702881,"y":-0.1686687469482422,"z":0.25846385955810549},"rotation":{"x":0.054605841636657718,"y":0.937696635723114,"z":-0.2965617775917053,"w":0.17268526554107667},"size":6.542513847351074,"orthographic":false}